Student_ID,Gender,Age,Study_Hours_per_Week,Attendance_Rate,Family_Income,Internet_Access,Previous_Grade,Extra_Curricular,Final_Result
1001,Male,23,11,86,Medium,Yes,A,Yes,Pass
1002,Female,24,15,94,Low,No,C,Yes,Fail
1003,Male,18,23,81,Medium,No,C,No,Fail
1004,Male,18,18,85,Low,Yes,A,Yes,Pass
1005,Male,18,7,66,High,No,F,No,Fail
1006,Female,22,30,84,Medium,No,D,Yes,Fail
1007,Male,21,20,98,Low,Yes,B,Yes,Pass
1008,Male,22,16,60,Low,Yes,A,Yes,Pass
1009,Male,21,22,70,Medium,Yes,A,Yes,Pass
1010,Female,25,36,75,Medium,Yes,A,No,Pass
1011,Male,22,15,53,Medium,Yes,A,Yes,Fail
1012,Male,22,5,83,Low,Yes,C,No,Fail
1013,Male,23,7,97,Medium,No,B,No,Fail
1014,Male,20,24,67,Medium,Yes,B,Yes,Pass
1015,Female,22,17,89,Medium,Yes,F,Yes,Pass
1016,Male,23,24,84,Medium,Yes,C,No,Pass
1017,Female,19,11,90,Medium,No,F,No,Fail
1018,Female,20,14,78,Low,No,A,Yes,Fail
1019,Female,25,25,78,High,Yes,B,Yes,Pass
1020,Male,22,40,87,Medium,Yes,C,Yes,Pass
1021,Female,24,25,91,Medium,Yes,A,No,Pass
1022,Male,18,31,70,Low,Yes,A,Yes,Pass
1023,Female,19,9,91,Medium,Yes,C,No,Fail
1024,Female,19,15,62,Low,Yes,C,Yes,Fail
1025,Female,25,6,98,Medium,Yes,B,Yes,Pass
1026,Female,23,16,90,High,Yes,B,Yes,Pass
1027,Female,19,22,66,Medium,Yes,B,Yes,Pass
1028,Female,20,25,58,Low,Yes,A,Yes,Pass
1029,Female,22,20,90,Low,Yes,B,Yes,Pass
1030,Female,22,21,50,Medium,Yes,A,Yes,Pass
1031,Male,24,6,51,Low,Yes,A,Yes,Fail
1032,Male,25,13,97,Low,Yes,F,Yes,Fail
1033,Female,18,14,78,Medium,Yes,C,No,Fail
1034,Female,23,6,82,Medium,Yes,C,Yes,Fail
1035,Female,18,8,59,Low,Yes,B,Yes,Fail
1036,Male,19,7,99,High,Yes,B,Yes,Pass
1037,Female,25,22,89,Low,Yes,B,No,Pass
1038,Male,24,28,70,High,Yes,A,Yes,Pass
1039,Male,18,17,77,Medium,No,A,No,Fail
1040,Male,20,30,60,High,Yes,D,No,Fail
1041,Male,22,29,83,Medium,Yes,C,No,Pass
1042,Male,19,38,57,High,No,C,Yes,Fail
1043,Female,24,34,71,High,Yes,B,No,Pass
1044,Female,18,17,57,Low,Yes,F,Yes,Fail
1045,Female,23,38,98,High,Yes,A,Yes,Pass
1046,Female,20,16,64,Medium,Yes,B,No,Pass
1047,Female,20,13,66,Medium,Yes,B,Yes,Fail
1048,Male,18,30,72,Medium,Yes,D,No,Fail
1049,Female,22,23,73,Medium,No,F,Yes,Fail
1050,Female,18,34,94,Low,No,B,No,Pass
1051,Male,19,33,68,Medium,Yes,D,Yes,Fail
1052,Female,18,2,54,Medium,Yes,D,Yes,Fail
1053,Male,20,36,81,Medium,Yes,B,Yes,Pass
1054,Female,24,39,93,High,No,B,No,Pass
1055,Male,18,25,50,Medium,No,B,Yes,Fail
1056,Female,22,22,72,Medium,Yes,F,Yes,Fail
1057,Female,25,38,86,Low,Yes,A,Yes,Pass
1058,Male,24,14,57,Low,Yes,D,No,Fail
1059,Male,23,3,62,Low,Yes,B,Yes,Fail
1060,Male,21,28,57,Medium,Yes,C,Yes,Fail
1061,Male,18,21,72,Low,Yes,B,Yes,Pass
1062,Male,22,24,92,High,Yes,C,Yes,Pass
1063,Male,24,12,50,Medium,Yes,D,Yes,Fail
1064,Male,22,17,94,Medium,Yes,D,Yes,Pass
1065,Male,23,32,100,Medium,No,D,No,Fail
1066,Female,20,15,73,Low,Yes,A,Yes,Fail
1067,Female,22,1,84,Medium,Yes,C,Yes,Fail
1068,Male,24,34,73,Medium,Yes,A,Yes,Pass
1069,Female,22,33,66,Medium,Yes,B,No,Pass
1070,Female,22,29,54,Medium,Yes,C,No,Fail
1071,Female,22,12,69,High,Yes,B,No,Fail
1072,Female,19,12,70,High,Yes,C,Yes,Fail
1073,Male,19,17,89,Medium,Yes,F,Yes,Pass
1074,Female,20,31,80,Medium,Yes,A,Yes,Pass
1075,Male,18,31,95,Medium,Yes,C,Yes,Pass
1076,Female,22,34,85,Low,Yes,B,Yes,Pass
1077,Female,23,38,60,Medium,Yes,A,No,Pass
1078,Female,18,28,64,Low,Yes,A,No,Pass
1079,Male,23,28,68,Medium,Yes,F,No,Fail
1080,Female,18,15,56,Medium,Yes,D,Yes,Fail
1081,Male,20,9,100,Low,Yes,F,No,Fail
1082,Female,22,29,77,High,Yes,F,Yes,Fail
1083,Male,22,24,100,High,Yes,B,Yes,Pass
1084,Female,21,38,92,Medium,Yes,B,No,Pass
1085,Male,23,19,54,Medium,Yes,C,Yes,Fail
1086,Male,18,4,54,High,Yes,B,Yes,Fail
1087,Female,18,0,79,Low,No,B,Yes,Fail
1088,Male,25,29,81,Medium,Yes,B,No,Pass
1089,Female,25,2,57,Low,Yes,C,No,Fail
1090,Female,19,13,59,Medium,Yes,C,Yes,Fail
1091,Female,21,29,87,Low,Yes,A,No,Pass
1092,Female,24,3,96,High,Yes,B,Yes,Pass
1093,Female,25,17,81,High,Yes,C,Yes,Pass
1094,Female,24,36,97,Low,No,C,No,Fail
1095,Female,19,24,77,Medium,Yes,B,No,Pass
1096,Female,19,0,66,High,Yes,C,No,Fail
1097,Female,19,14,80,Medium,Yes,A,Yes,Fail
1098,Female,23,8,57,High,Yes,B,No,Fail
1099,Female,23,14,89,Medium,Yes,D,No,Fail
1100,Male,20,23,74,Medium,Yes,C,No,Fail
1101,Male,20,3,58,Low,Yes,B,Yes,Fail
1102,Female,19,11,51,Low,Yes,C,No,Fail
1103,Female,21,36,64,Medium,No,C,Yes,Fail
1104,Female,18,36,99,Medium,No,D,Yes,Fail
1105,Female,23,5,52,Medium,Yes,C,Yes,Fail
1106,Female,21,38,98,Medium,Yes,C,Yes,Pass
1107,Female,22,23,85,Medium,No,B,Yes,Pass
1108,Female,23,10,53,High,No,A,No,Fail
1109,Female,23,12,63,High,Yes,B,Yes,Fail
1110,Male,20,33,90,Medium,Yes,B,No,Pass
1111,Female,18,24,90,High,Yes,C,Yes,Pass
1112,Male,18,6,74,Medium,Yes,C,Yes,Fail
1113,Female,25,3,99,Medium,No,B,Yes,Fail
1114,Female,24,7,59,High,Yes,A,Yes,Fail
1115,Male,24,19,70,Low,No,B,Yes,Fail
1116,Female,24,28,85,Low,Yes,B,Yes,Pass
1117,Male,24,9,61,High,No,C,Yes,Fail
1118,Female,22,33,76,Medium,Yes,A,Yes,Pass
1119,Female,22,25,89,High,Yes,C,Yes,Pass
1120,Male,23,40,51,High,Yes,F,Yes,Fail
1121,Female,19,2,62,Low,Yes,A,Yes,Fail
1122,Male,20,5,81,High,Yes,B,No,Pass
1123,Female,20,4,80,Medium,No,A,No,Fail
1124,Male,24,4,65,Medium,Yes,C,No,Fail
1125,Male,23,22,81,Medium,No,C,Yes,Fail
1126,Female,25,8,81,High,No,B,No,Fail
1127,Female,21,34,83,Low,Yes,C,No,Pass
1128,Male,19,19,60,Medium,Yes,D,No,Fail
1129,Female,23,34,59,Medium,Yes,A,Yes,Pass
1130,Female,19,17,64,Medium,Yes,A,No,Pass
1131,Female,19,16,66,Medium,Yes,D,No,Fail
1132,Male,19,23,89,Low,Yes,C,Yes,Pass
1133,Male,23,2,67,Low,Yes,D,No,Fail
1134,Male,24,31,58,Medium,Yes,C,Yes,Fail
1135,Male,20,34,74,High,Yes,D,Yes,Fail
1136,Male,20,37,89,Low,Yes,B,Yes,Pass
1137,Male,24,12,63,Low,No,C,No,Fail
1138,Male,19,24,74,High,Yes,F,Yes,Fail
1139,Male,21,8,99,Low,No,C,Yes,Fail
1140,Male,18,3,71,High,Yes,A,Yes,Fail
1141,Female,23,13,79,Medium,Yes,B,Yes,Fail
1142,Male,18,36,69,High,Yes,A,Yes,Pass
1143,Female,25,33,70,Low,Yes,B,No,Pass
1144,Female,24,10,93,Low,Yes,B,No,Pass
1145,Female,21,40,81,Medium,Yes,C,Yes,Pass
1146,Male,23,2,100,High,Yes,C,Yes,Fail
1147,Male,24,27,95,Medium,Yes,B,Yes,Pass
1148,Male,19,28,98,Low,Yes,C,No,Pass
1149,Male,20,8,70,Medium,Yes,A,Yes,Fail
1150,Female,18,2,84,Medium,Yes,A,Yes,Pass
1151,Male,22,24,81,Medium,Yes,A,Yes,Pass
1152,Male,22,33,79,Medium,Yes,C,No,Fail
1153,Male,21,11,88,High,Yes,B,No,Pass
1154,Male,19,8,98,Medium,Yes,B,No,Pass
1155,Male,25,14,61,Low,No,B,No,Fail
1156,Female,18,39,90,Medium,Yes,D,Yes,Pass
1157,Male,19,24,96,Low,Yes,A,Yes,Pass
1158,Female,18,4,67,Medium,Yes,C,Yes,Fail
1159,Male,21,10,70,Medium,Yes,C,Yes,Fail
1160,Female,21,33,62,Low,Yes,D,Yes,Fail
1161,Male,25,23,70,Medium,Yes,F,Yes,Fail
1162,Male,22,14,57,Low,Yes,A,Yes,Fail
1163,Female,19,37,95,High,Yes,A,No,Pass
1164,Female,23,7,89,High,Yes,D,No,Fail
1165,Female,22,4,95,Low,Yes,B,No,Pass
1166,Male,19,25,56,High,Yes,C,No,Fail
1167,Female,22,17,72,Medium,Yes,C,Yes,Fail
1168,Male,23,5,93,Low,Yes,C,No,Fail
1169,Male,20,36,81,Low,Yes,F,Yes,Pass
1170,Female,20,12,60,Medium,Yes,F,No,Fail
1171,Female,25,27,71,Medium,Yes,C,Yes,Fail
1172,Male,20,4,71,Medium,Yes,B,No,Fail
1173,Male,20,12,92,Low,Yes,D,Yes,Fail
1174,Female,24,16,74,Low,Yes,A,Yes,Pass
1175,Female,18,39,71,Medium,Yes,B,No,Pass
1176,Female,24,31,77,Low,Yes,D,Yes,Fail
1177,Male,24,28,78,Low,Yes,B,No,Pass
1178,Male,25,2,62,Low,Yes,B,No,Fail
1179,Male,24,39,67,High,Yes,A,No,Pass
1180,Male,20,33,51,High,No,D,No,Fail
1181,Male,23,39,78,Medium,Yes,C,No,Fail
1182,Male,25,26,70,High,Yes,C,Yes,Fail
1183,Female,25,12,64,Medium,Yes,B,No,Fail
1184,Male,21,32,76,Medium,No,D,No,Fail
1185,Male,25,5,99,Low,No,D,No,Fail
1186,Male,21,23,80,Medium,Yes,B,Yes,Pass
1187,Female,25,18,64,High,Yes,B,No,Pass
1188,Male,18,15,100,Medium,Yes,B,No,Pass
1189,Male,20,39,72,Medium,Yes,F,No,Fail
1190,Female,25,27,73,Medium,Yes,C,Yes,Fail
1191,Male,20,32,93,Low,Yes,F,Yes,Pass
1192,Male,20,40,62,High,Yes,B,Yes,Pass
1193,Male,22,12,71,Medium,Yes,D,No,Fail
1194,Male,25,24,92,Medium,No,D,No,Fail
1195,Male,19,35,86,Medium,Yes,C,Yes,Pass
1196,Female,22,26,82,Medium,Yes,F,Yes,Pass
1197,Female,19,37,52,Low,Yes,B,Yes,Pass
1198,Female,20,6,68,Medium,Yes,A,Yes,Fail
1199,Male,20,4,72,Low,Yes,C,No,Fail
1200,Male,22,30,78,Medium,Yes,C,No,Fail
1201,Male,22,22,79,High,No,C,Yes,Fail
1202,Female,19,9,88,High,Yes,B,Yes,Pass
1203,Male,21,31,93,Medium,Yes,C,Yes,Pass
1204,Male,19,29,96,Medium,Yes,B,No,Pass
1205,Female,22,38,74,Low,Yes,B,Yes,Pass
1206,Male,23,30,86,Medium,Yes,C,Yes,Pass
1207,Female,22,17,96,Low,Yes,C,Yes,Pass
1208,Female,23,35,57,Medium,Yes,B,No,Pass
1209,Female,18,1,91,Low,Yes,B,No,Pass
1210,Male,22,13,65,Low,Yes,B,No,Fail
1211,Male,18,12,57,Medium,Yes,A,Yes,Fail
1212,Male,21,28,50,Low,Yes,D,Yes,Fail
1213,Male,19,11,93,Medium,Yes,F,Yes,Fail
1214,Male,23,38,54,Medium,Yes,B,No,Pass
1215,Male,19,1,52,Low,Yes,D,Yes,Fail
1216,Male,18,31,50,Medium,Yes,D,Yes,Fail
1217,Female,23,12,53,Low,Yes,D,No,Fail
1218,Male,19,26,89,Low,Yes,A,No,Pass
1219,Female,22,40,84,Medium,No,F,Yes,Fail
1220,Male,20,16,81,Low,No,B,Yes,Pass
1221,Male,18,39,91,High,Yes,B,Yes,Pass
1222,Male,19,30,83,Low,Yes,A,No,Pass
1223,Female,18,33,92,Low,Yes,B,No,Pass
1224,Female,24,23,74,Medium,Yes,A,Yes,Pass
1225,Female,18,34,59,Medium,Yes,B,Yes,Pass
1226,Female,23,5,70,Low,Yes,B,No,Fail
1227,Male,24,18,95,Medium,Yes,D,No,Pass
1228,Female,25,29,88,Low,Yes,D,Yes,Pass
1229,Male,23,6,76,High,Yes,B,Yes,Fail
1230,Male,20,9,76,Medium,Yes,D,Yes,Fail
1231,Female,24,40,51,Medium,Yes,D,Yes,Fail
1232,Female,25,31,90,High,Yes,D,No,Pass
1233,Female,22,33,97,Medium,Yes,A,No,Pass
1234,Female,18,27,62,High,No,C,No,Fail
1235,Female,19,14,58,Medium,Yes,F,Yes,Fail
1236,Female,21,29,85,High,Yes,C,No,Pass
1237,Female,18,36,71,Low,Yes,B,Yes,Pass
1238,Female,25,28,91,Medium,No,C,Yes,Fail
1239,Male,18,21,75,Medium,Yes,C,Yes,Fail
1240,Female,20,3,61,Medium,Yes,C,Yes,Fail
1241,Female,22,19,66,Medium,Yes,A,No,Pass
1242,Male,21,31,63,Medium,Yes,B,Yes,Pass
1243,Female,24,35,63,Low,Yes,D,Yes,Fail
1244,Male,24,3,83,Low,Yes,D,Yes,Fail
1245,Male,24,26,69,Medium,Yes,A,Yes,Pass
1246,Female,25,16,60,Medium,Yes,F,Yes,Fail
1247,Male,23,11,65,High,No,B,Yes,Fail
1248,Male,23,21,100,Medium,Yes,C,No,Pass
1249,Male,19,16,80,High,Yes,D,Yes,Fail
1250,Male,21,9,55,Medium,Yes,D,Yes,Fail
1251,Female,24,0,68,Low,Yes,F,Yes,Fail
1252,Male,23,21,86,Low,No,B,No,Pass
1253,Female,25,25,53,Medium,Yes,D,Yes,Fail
1254,Male,19,17,96,Medium,Yes,A,Yes,Pass
1255,Male,22,13,53,Low,Yes,C,Yes,Fail
1256,Male,19,28,69,Medium,Yes,C,Yes,Fail
1257,Male,23,11,59,High,Yes,C,Yes,Fail
1258,Female,20,35,73,Medium,Yes,B,No,Pass
1259,Female,25,34,84,Medium,Yes,D,No,Pass
1260,Male,20,11,75,Medium,No,A,Yes,Fail
1261,Male,24,6,86,Low,Yes,A,No,Pass
1262,Female,20,28,87,Medium,Yes,C,No,Pass
1263,Male,24,10,70,Medium,Yes,B,Yes,Fail
1264,Male,24,32,89,Low,Yes,D,Yes,Pass
1265,Male,23,5,88,Medium,Yes,B,Yes,Pass
1266,Female,20,14,70,Medium,Yes,A,Yes,Fail
1267,Female,24,31,59,High,Yes,D,No,Fail
1268,Female,21,10,87,High,Yes,C,No,Fail
1269,Male,22,22,95,Low,Yes,A,No,Pass
1270,Male,19,25,53,Medium,No,C,No,Fail
1271,Female,19,33,94,Medium,Yes,C,Yes,Pass
1272,Female,23,33,69,High,Yes,C,Yes,Fail
1273,Female,20,28,66,Low,Yes,B,No,Pass
1274,Female,20,3,56,Medium,Yes,D,Yes,Fail
1275,Male,24,16,53,Medium,Yes,D,No,Fail
1276,Female,25,34,78,Low,Yes,C,No,Fail
1277,Male,18,12,63,Low,Yes,A,No,Fail
1278,Female,24,40,52,Medium,Yes,D,No,Fail
1279,Male,22,38,73,Medium,Yes,C,Yes,Fail
1280,Female,21,14,86,Medium,Yes,C,No,Fail
1281,Female,19,28,65,Medium,Yes,B,No,Pass
1282,Female,24,28,53,Medium,Yes,D,Yes,Fail
1283,Female,18,10,73,Medium,Yes,C,No,Fail
1284,Male,18,31,83,Low,Yes,A,Yes,Pass
1285,Female,24,1,79,High,Yes,B,No,Fail
1286,Male,23,13,67,Low,Yes,D,Yes,Fail
1287,Male,19,19,68,Medium,Yes,A,Yes,Pass
1288,Male,23,21,80,Low,Yes,F,Yes,Fail
1289,Male,21,10,68,Low,Yes,C,No,Fail
1290,Female,18,26,98,Medium,Yes,C,Yes,Pass
1291,Male,18,2,95,Low,Yes,B,Yes,Pass
1292,Male,22,16,68,High,Yes,B,Yes,Pass
1293,Male,21,27,71,Low,Yes,F,No,Fail
1294,Female,18,28,73,Medium,Yes,B,Yes,Pass
1295,Female,21,20,94,Medium,Yes,D,Yes,Pass
1296,Female,19,15,61,Low,Yes,B,No,Fail
1297,Female,20,36,79,Low,No,A,Yes,Fail
1298,Male,18,19,87,Medium,Yes,A,No,Pass
1299,Male,22,5,80,Medium,Yes,C,Yes,Fail
1300,Female,19,18,85,Medium,Yes,F,No,Pass
1301,Male,24,4,68,Medium,Yes,B,Yes,Fail
1302,Male,21,2,97,Medium,Yes,B,Yes,Pass
1303,Male,24,0,94,Low,Yes,B,No,Pass
1304,Female,23,37,85,Medium,Yes,C,Yes,Pass
1305,Female,19,14,79,High,Yes,B,No,Fail
1306,Male,24,33,98,Medium,Yes,D,Yes,Pass
1307,Female,25,34,82,Medium,No,C,Yes,Fail
1308,Female,25,24,67,Medium,Yes,C,Yes,Fail
1309,Female,18,23,98,Medium,No,A,No,Pass
1310,Female,21,11,77,Medium,Yes,F,Yes,Fail
1311,Female,20,17,96,Medium,Yes,B,Yes,Pass
1312,Male,19,14,60,High,Yes,A,Yes,Fail
1313,Female,18,15,94,Low,Yes,C,Yes,Fail
1314,Male,22,26,82,Low,Yes,C,Yes,Pass
1315,Male,23,7,66,Medium,No,B,No,Fail
1316,Female,21,24,55,High,No,B,Yes,Fail
1317,Male,19,16,53,Low,Yes,D,No,Fail
1318,Male,25,28,69,Low,Yes,A,Yes,Pass
1319,Male,19,7,97,Low,Yes,D,No,Fail
1320,Female,20,14,96,Low,No,C,No,Fail
1321,Female,25,26,76,Medium,Yes,B,Yes,Pass
1322,Male,20,6,64,Medium,Yes,B,No,Fail
1323,Female,22,2,55,Medium,Yes,B,Yes,Fail
1324,Female,23,28,96,Medium,Yes,D,No,Pass
1325,Female,22,23,63,Low,No,C,No,Fail
1326,Female,18,2,60,Low,Yes,B,Yes,Fail
1327,Male,18,19,88,Medium,Yes,C,Yes,Pass
1328,Male,22,14,58,High,Yes,F,Yes,Fail
1329,Female,23,24,75,High,Yes,B,Yes,Pass
1330,Female,22,29,65,Low,Yes,F,Yes,Fail
1331,Male,23,13,54,High,Yes,B,Yes,Fail
1332,Male,23,6,59,Medium,Yes,A,Yes,Fail
1333,Female,24,16,99,Medium,No,B,No,Pass
1334,Male,25,19,52,Medium,Yes,B,Yes,Pass
1335,Female,21,35,62,Medium,Yes,B,Yes,Pass
1336,Female,23,8,92,Medium,No,A,No,Fail
1337,Male,20,37,98,Low,Yes,F,Yes,Pass
1338,Male,23,21,79,Low,Yes,D,Yes,Fail
1339,Female,23,1,94,Low,Yes,C,Yes,Fail
1340,Female,23,23,55,Medium,Yes,A,No,Pass
1341,Male,24,7,66,Medium,Yes,A,No,Fail
1342,Female,25,10,94,Medium,No,A,Yes,Fail
1343,Male,24,12,100,Low,Yes,C,No,Fail
1344,Female,18,16,68,High,Yes,F,Yes,Fail
1345,Male,24,7,91,High,Yes,B,No,Pass
1346,Male,20,20,84,Medium,Yes,A,No,Pass
1347,Male,20,17,95,High,Yes,C,No,Pass
1348,Female,24,29,75,Medium,Yes,B,Yes,Pass
1349,Female,25,17,100,High,Yes,B,Yes,Pass
1350,Male,22,30,54,Low,Yes,C,Yes,Fail
1351,Female,21,37,78,Medium,No,C,No,Fail
1352,Male,25,31,86,Low,Yes,A,Yes,Pass
1353,Male,24,10,69,Low,Yes,A,No,Fail
1354,Female,23,24,98,Low,Yes,F,No,Pass
1355,Female,19,32,70,Medium,Yes,B,Yes,Pass
1356,Male,21,37,59,Medium,Yes,A,No,Pass
1357,Female,21,40,54,Medium,Yes,A,No,Pass
1358,Female,20,7,85,Low,Yes,A,No,Pass
1359,Male,21,10,55,High,Yes,B,No,Fail
1360,Male,24,21,75,Medium,No,D,No,Fail
1361,Female,23,23,53,Medium,No,B,Yes,Fail
1362,Male,23,40,88,Medium,No,B,No,Pass
1363,Male,18,16,88,Low,Yes,C,Yes,Pass
1364,Female,23,11,99,Medium,Yes,C,No,Fail
1365,Male,25,31,84,High,Yes,D,No,Pass
1366,Male,23,14,50,Low,Yes,D,Yes,Fail
1367,Female,20,15,73,Medium,Yes,A,No,Fail
1368,Female,23,21,85,High,Yes,D,Yes,Pass
1369,Male,18,27,55,Medium,Yes,B,Yes,Pass
1370,Male,19,19,90,Low,Yes,F,Yes,Pass
1371,Female,24,32,95,Low,Yes,B,No,Pass
1372,Female,20,9,93,Low,Yes,F,No,Fail
1373,Female,25,39,80,Medium,Yes,D,No,Fail
1374,Female,19,31,69,Medium,Yes,B,Yes,Pass
1375,Male,20,32,73,Low,Yes,C,No,Fail
1376,Female,22,1,74,High,Yes,F,No,Fail
1377,Female,21,32,85,Medium,Yes,D,Yes,Pass
1378,Male,22,32,70,Low,Yes,A,Yes,Pass
1379,Female,23,40,79,Medium,Yes,C,Yes,Fail
1380,Male,19,12,73,Medium,Yes,B,No,Fail
1381,Female,23,29,93,Low,Yes,A,No,Pass
1382,Female,21,32,91,Low,No,B,No,Pass
1383,Female,20,12,79,High,Yes,B,Yes,Fail
1384,Male,21,25,71,Medium,Yes,D,No,Fail
1385,Male,18,21,77,Medium,Yes,B,Yes,Pass
1386,Female,21,38,56,Medium,No,D,Yes,Fail
1387,Male,18,1,84,Low,Yes,A,No,Pass
1388,Male,21,37,77,Low,Yes,B,Yes,Pass
1389,Male,24,38,63,Medium,Yes,B,No,Pass
1390,Male,18,25,59,Low,No,B,Yes,Fail
1391,Male,19,14,65,Low,Yes,A,No,Fail
1392,Male,23,33,65,High,Yes,A,Yes,Pass
1393,Female,25,39,80,High,Yes,C,Yes,Fail
1394,Female,23,10,91,Medium,Yes,B,Yes,Pass
1395,Male,22,2,74,High,Yes,B,Yes,Fail
1396,Female,23,5,62,Low,Yes,B,No,Fail
1397,Female,20,8,55,High,Yes,D,Yes,Fail
1398,Female,24,5,93,Low,Yes,F,No,Fail
1399,Female,21,8,58,High,Yes,B,No,Fail
1400,Male,22,38,94,High,No,B,Yes,Pass
1401,Female,20,30,85,Medium,Yes,A,Yes,Pass
1402,Female,20,31,92,High,Yes,F,No,Pass
1403,Male,18,40,69,Medium,Yes,A,No,Pass
1404,Male,23,11,67,Low,Yes,B,No,Fail
1405,Female,19,7,92,Medium,Yes,B,Yes,Pass
1406,Female,25,7,70,Medium,Yes,B,No,Fail
1407,Female,19,27,53,Low,Yes,A,Yes,Pass
1408,Female,22,19,99,Medium,Yes,D,No,Pass
1409,Female,24,6,82,High,Yes,A,No,Pass
1410,Female,19,10,76,Low,Yes,C,Yes,Fail
1411,Male,21,19,56,Medium,Yes,A,Yes,Pass
1412,Female,19,15,55,High,No,A,Yes,Fail
1413,Female,22,3,64,High,Yes,F,Yes,Fail
1414,Male,25,5,67,High,No,A,No,Fail
1415,Male,19,21,81,Medium,Yes,D,Yes,Pass
1416,Male,21,25,60,High,No,C,Yes,Fail
1417,Male,18,2,69,Medium,Yes,A,Yes,Fail
1418,Female,24,40,73,Low,Yes,F,No,Fail
1419,Female,22,13,64,Medium,Yes,B,No,Fail
1420,Female,18,10,97,Medium,Yes,D,Yes,Fail
1421,Female,18,17,56,Low,Yes,A,Yes,Pass
1422,Female,18,11,70,Medium,Yes,D,No,Fail
1423,Female,20,22,91,Medium,Yes,A,No,Pass
1424,Male,24,11,75,Low,Yes,C,Yes,Fail
1425,Female,25,12,93,Medium,Yes,D,Yes,Fail
1426,Male,23,24,63,Medium,Yes,F,Yes,Fail
1427,Male,24,18,86,Medium,Yes,F,Yes,Pass
1428,Female,20,35,70,Low,Yes,D,Yes,Fail
1429,Male,23,7,67,Low,Yes,D,No,Fail
1430,Female,24,28,54,Medium,Yes,A,Yes,Pass
1431,Male,18,31,52,High,Yes,B,No,Pass
1432,Female,22,17,72,Low,Yes,B,Yes,Pass
1433,Male,23,5,75,Medium,Yes,B,No,Fail
1434,Female,21,17,86,Low,Yes,B,No,Pass
1435,Female,21,18,73,Medium,Yes,C,Yes,Fail
1436,Female,19,21,98,High,Yes,A,Yes,Pass
1437,Female,23,36,68,Medium,Yes,C,No,Fail
1438,Female,22,31,100,Low,Yes,A,Yes,Pass
1439,Male,25,40,74,Medium,Yes,B,Yes,Pass
1440,Male,20,2,70,Low,Yes,C,Yes,Fail
1441,Male,18,27,61,Medium,Yes,D,No,Fail
1442,Female,19,9,90,Medium,Yes,C,Yes,Fail
1443,Male,21,34,82,Low,Yes,C,No,Pass
1444,Female,20,28,99,Low,Yes,A,Yes,Pass
1445,Female,20,14,53,Medium,Yes,C,No,Fail
1446,Male,18,32,91,High,Yes,A,Yes,Pass
1447,Male,25,6,56,High,No,B,No,Fail
1448,Female,25,11,71,Low,Yes,B,Yes,Fail
1449,Male,23,29,82,Medium,No,A,No,Pass
1450,Female,21,20,66,Medium,Yes,B,No,Pass
1451,Female,25,30,73,Medium,Yes,F,Yes,Fail
1452,Female,22,23,83,Medium,Yes,F,Yes,Pass
1453,Female,25,19,77,High,Yes,B,Yes,Pass
1454,Female,20,36,92,High,Yes,A,Yes,Pass
1455,Male,18,3,90,Medium,Yes,A,No,Pass
1456,Male,22,27,88,Medium,Yes,B,Yes,Pass
1457,Female,23,19,71,Medium,No,F,Yes,Fail
1458,Female,21,23,98,Low,Yes,A,No,Pass
1459,Male,23,31,66,Medium,Yes,D,Yes,Fail
1460,Male,20,40,83,Medium,Yes,A,Yes,Pass
1461,Female,22,35,55,Medium,Yes,F,Yes,Fail
1462,Male,22,33,95,Low,Yes,B,No,Pass
1463,Female,22,35,55,Low,Yes,D,No,Fail
1464,Male,20,1,83,High,No,B,No,Fail
1465,Female,20,14,50,Low,Yes,C,Yes,Fail
1466,Male,23,33,59,Medium,Yes,A,No,Pass
1467,Female,19,35,70,Low,Yes,A,Yes,Pass
1468,Male,23,5,54,Low,Yes,F,Yes,Fail
1469,Male,21,38,51,Low,Yes,F,Yes,Fail
1470,Female,18,11,71,Low,Yes,D,Yes,Fail
1471,Male,22,2,97,High,Yes,C,Yes,Fail
1472,Female,19,17,51,Low,Yes,D,Yes,Fail
1473,Male,18,39,59,High,Yes,A,Yes,Pass
1474,Female,19,20,83,Medium,Yes,B,Yes,Pass
1475,Male,25,14,65,Medium,Yes,B,No,Fail
1476,Female,25,32,97,Medium,Yes,C,Yes,Pass
1477,Male,24,34,100,Medium,Yes,B,No,Pass
1478,Female,25,25,88,Medium,Yes,A,Yes,Pass
1479,Male,23,7,71,Low,Yes,C,No,Fail
1480,Female,25,35,61,Medium,Yes,D,Yes,Fail
1481,Female,20,29,73,High,Yes,B,Yes,Pass
1482,Female,22,22,96,High,Yes,A,Yes,Pass
1483,Male,23,13,89,High,Yes,A,No,Pass
1484,Female,18,13,87,Medium,Yes,B,No,Pass
1485,Male,24,1,59,Medium,Yes,B,Yes,Fail
1486,Female,24,36,84,Medium,Yes,C,Yes,Pass
1487,Male,24,4,100,Medium,Yes,C,No,Fail
1488,Female,18,37,98,Low,No,C,No,Fail
1489,Male,18,40,81,Medium,Yes,B,Yes,Pass
1490,Male,18,13,56,Low,Yes,D,Yes,Fail
1491,Female,18,38,70,Medium,Yes,B,Yes,Pass
1492,Male,24,24,69,High,Yes,B,No,Pass
1493,Male,24,19,75,Low,No,D,Yes,Fail
1494,Female,19,1,53,Low,Yes,A,No,Fail
1495,Male,23,38,95,Low,No,A,Yes,Pass
1496,Male,22,5,71,High,No,D,Yes,Fail
1497,Male,25,16,64,Medium,No,B,Yes,Fail
1498,Female,25,24,89,Medium,Yes,C,No,Pass
1499,Male,20,27,70,High,Yes,A,No,Pass
1500,Female,24,1,64,High,Yes,C,Yes,Fail
1501,Male,20,34,71,Medium,Yes,B,No,Pass
1502,Male,23,36,77,Medium,Yes,A,Yes,Pass
1503,Male,23,4,63,Medium,Yes,C,Yes,Fail
1504,Female,20,0,76,Medium,Yes,B,Yes,Fail
1505,Male,24,39,90,Low,Yes,B,Yes,Pass
1506,Male,20,11,89,High,Yes,A,Yes,Pass
1507,Female,25,35,77,Medium,Yes,A,No,Pass
1508,Male,19,22,75,Low,Yes,B,Yes,Pass
1509,Female,25,30,98,Medium,Yes,A,No,Pass
1510,Female,21,10,51,Low,Yes,F,Yes,Fail
1511,Male,24,9,74,Low,Yes,A,No,Fail
1512,Female,24,2,52,Medium,Yes,B,Yes,Fail
1513,Male,22,13,57,Low,No,A,Yes,Fail
1514,Female,18,15,93,Medium,Yes,B,Yes,Pass
1515,Female,21,9,82,Medium,Yes,F,Yes,Fail
1516,Male,23,28,91,Low,Yes,A,No,Pass
1517,Female,24,9,84,High,Yes,F,Yes,Fail
1518,Female,20,11,55,Low,Yes,B,No,Fail
1519,Female,21,29,88,Medium,Yes,C,Yes,Pass
1520,Female,22,40,72,Medium,Yes,C,Yes,Fail
1521,Female,23,0,74,Low,Yes,D,Yes,Fail
1522,Male,18,4,99,Low,Yes,C,No,Fail
1523,Female,18,19,92,Medium,Yes,C,No,Pass
1524,Male,22,7,68,High,No,A,Yes,Fail
1525,Female,22,11,54,Low,No,A,Yes,Fail
1526,Male,20,0,100,Medium,Yes,F,Yes,Fail
1527,Male,24,19,60,Medium,Yes,B,No,Pass
1528,Female,18,27,61,High,Yes,B,No,Pass
1529,Female,23,36,59,Medium,Yes,D,Yes,Fail
1530,Female,21,36,57,Medium,Yes,B,Yes,Pass
1531,Male,23,11,73,Medium,No,F,Yes,Fail
1532,Female,19,36,77,Medium,Yes,C,No,Fail
1533,Male,19,27,90,High,Yes,C,Yes,Pass
1534,Male,22,14,85,Low,Yes,D,No,Fail
1535,Male,20,5,86,Medium,No,A,Yes,Fail
1536,Female,19,19,70,High,Yes,B,No,Pass
1537,Female,18,13,57,High,Yes,B,No,Fail
1538,Male,23,1,58,High,Yes,B,No,Fail
1539,Male,23,8,96,Medium,Yes,C,No,Fail
1540,Female,22,36,64,Medium,Yes,F,No,Fail
1541,Male,24,19,97,Medium,No,B,Yes,Pass
1542,Female,24,25,95,Medium,Yes,B,Yes,Pass
1543,Male,21,28,89,Low,Yes,F,Yes,Pass
1544,Female,22,0,67,Medium,Yes,B,No,Fail
1545,Male,25,34,91,Medium,Yes,B,Yes,Pass
1546,Female,21,5,69,Low,Yes,B,No,Fail
1547,Male,25,36,55,Medium,Yes,F,No,Fail
1548,Female,24,4,61,Medium,Yes,C,Yes,Fail
1549,Female,22,32,51,High,Yes,D,Yes,Fail
1550,Male,25,13,56,Low,Yes,D,Yes,Fail
1551,Male,22,11,65,Low,Yes,B,Yes,Fail
1552,Female,22,19,52,Medium,No,B,Yes,Fail
1553,Male,24,23,94,Low,Yes,D,Yes,Pass
1554,Female,21,33,52,Medium,Yes,B,No,Pass
1555,Male,21,24,76,Medium,Yes,D,No,Fail
1556,Female,22,28,99,Low,Yes,F,Yes,Pass
1557,Female,19,38,92,Medium,Yes,C,Yes,Pass
1558,Female,20,30,89,Medium,Yes,C,Yes,Pass
1559,Female,24,22,87,Medium,Yes,D,No,Pass
1560,Female,20,37,82,High,Yes,D,No,Pass
1561,Female,20,19,77,High,Yes,B,Yes,Pass
1562,Male,21,22,50,Medium,Yes,A,Yes,Pass
1563,Male,21,15,57,Medium,No,B,No,Fail
1564,Male,19,7,86,Medium,Yes,C,No,Fail
1565,Female,20,20,81,High,Yes,B,Yes,Pass
1566,Female,20,0,97,Medium,No,C,No,Fail
1567,Female,22,7,92,Medium,No,B,Yes,Fail
1568,Female,21,28,86,High,Yes,C,Yes,Pass
1569,Male,20,31,53,Low,Yes,A,No,Pass
1570,Male,23,37,79,High,Yes,C,No,Fail
1571,Female,19,4,55,Low,Yes,C,Yes,Fail
1572,Male,25,21,95,Medium,Yes,B,No,Pass
1573,Male,23,33,68,Medium,Yes,B,Yes,Pass
1574,Female,23,0,81,High,Yes,C,No,Fail
1575,Male,25,25,58,High,Yes,B,Yes,Pass
1576,Female,24,9,61,Medium,Yes,B,No,Fail
1577,Male,24,29,60,Medium,Yes,F,No,Fail
1578,Female,19,17,95,Medium,Yes,C,Yes,Pass
1579,Female,23,16,65,High,Yes,F,No,Fail
1580,Female,20,25,50,Medium,Yes,B,No,Pass
1581,Female,21,7,94,Medium,No,B,No,Fail
1582,Male,19,39,70,Low,Yes,D,Yes,Fail
1583,Female,22,11,79,Medium,Yes,C,No,Fail
1584,Female,25,26,62,Medium,Yes,C,No,Fail
1585,Female,23,7,83,Medium,Yes,B,Yes,Pass
1586,Male,19,24,53,Low,No,B,No,Fail
1587,Female,18,3,77,High,Yes,A,Yes,Fail
1588,Male,18,32,87,Low,Yes,B,Yes,Pass
1589,Female,24,0,80,Medium,Yes,A,Yes,Fail
1590,Male,25,18,76,High,Yes,A,Yes,Pass
1591,Male,21,30,54,Medium,Yes,F,No,Fail
1592,Female,20,15,74,Low,Yes,B,Yes,Fail
1593,Male,21,13,52,Medium,Yes,C,No,Fail
1594,Female,21,4,82,High,Yes,D,Yes,Fail
1595,Female,21,40,53,Medium,Yes,C,Yes,Fail
1596,Female,25,25,74,High,No,A,Yes,Fail
1597,Male,21,27,69,Low,Yes,C,Yes,Fail
1598,Male,22,1,83,Medium,Yes,C,No,Fail
1599,Female,25,5,75,Medium,Yes,C,No,Fail
1600,Female,22,8,54,High,No,D,No,Fail
1601,Male,25,32,84,Low,Yes,F,Yes,Pass
1602,Female,24,40,77,High,Yes,C,Yes,Fail
1603,Female,19,24,78,Medium,Yes,B,Yes,Pass
1604,Female,18,12,58,Medium,Yes,C,Yes,Fail
1605,Male,21,8,87,Low,Yes,A,Yes,Pass
1606,Male,24,12,99,High,Yes,D,No,Fail
1607,Male,19,30,55,Low,Yes,A,Yes,Pass
1608,Female,18,40,68,Medium,Yes,B,No,Pass
1609,Female,23,10,93,Low,Yes,D,Yes,Fail
1610,Female,20,3,60,High,Yes,C,Yes,Fail
1611,Male,22,33,51,Medium,Yes,B,No,Pass
1612,Female,23,37,96,Medium,Yes,B,Yes,Pass
1613,Female,25,3,93,Low,Yes,D,No,Fail
1614,Female,18,37,93,Medium,Yes,B,No,Pass
1615,Female,23,18,58,Medium,Yes,D,Yes,Fail
1616,Male,20,5,70,High,Yes,A,No,Fail
1617,Male,24,33,73,High,Yes,D,Yes,Fail
1618,Female,18,17,83,Low,Yes,D,Yes,Pass
1619,Male,23,12,71,Medium,Yes,A,No,Fail
1620,Male,22,40,52,Low,Yes,B,Yes,Pass
1621,Female,22,22,61,Medium,Yes,A,No,Pass
1622,Female,19,18,77,Low,Yes,C,No,Fail
1623,Male,23,10,79,Medium,Yes,C,No,Fail
1624,Female,21,0,75,Medium,Yes,C,Yes,Fail
1625,Male,23,23,97,Medium,Yes,A,Yes,Pass
1626,Female,24,6,70,Medium,Yes,B,No,Fail
1627,Male,18,24,77,Medium,No,A,Yes,Fail
1628,Female,18,20,75,Medium,No,B,Yes,Fail
1629,Male,24,14,82,Low,Yes,C,Yes,Fail
1630,Male,23,0,70,Medium,Yes,D,Yes,Fail
1631,Male,24,11,84,Low,Yes,C,Yes,Fail
1632,Female,20,6,83,Medium,Yes,B,No,Pass
1633,Male,25,14,90,Medium,Yes,F,No,Fail
1634,Male,24,20,100,Medium,Yes,C,Yes,Pass
1635,Female,22,18,96,Low,Yes,F,Yes,Pass
1636,Female,24,28,67,Medium,Yes,C,Yes,Fail
1637,Male,18,24,60,High,Yes,B,No,Pass
1638,Male,22,32,72,Medium,Yes,A,Yes,Pass
1639,Female,18,31,97,Medium,Yes,C,No,Pass
1640,Female,19,34,71,Medium,Yes,A,Yes,Pass
1641,Female,21,37,66,Low,Yes,B,No,Pass
1642,Female,18,25,54,Medium,Yes,C,Yes,Fail
1643,Female,22,10,93,Medium,Yes,C,No,Fail
1644,Male,19,34,60,Low,No,C,Yes,Fail
1645,Female,18,7,79,Low,Yes,A,No,Fail
1646,Male,20,13,64,Low,No,B,Yes,Fail
1647,Male,24,9,76,Medium,No,C,No,Fail
1648,Male,21,1,84,High,Yes,F,No,Fail
1649,Female,18,8,82,Low,Yes,C,Yes,Fail
1650,Male,19,2,69,Medium,Yes,F,No,Fail
1651,Male,20,20,65,Low,No,D,Yes,Fail
1652,Female,23,25,83,High,Yes,C,Yes,Pass
1653,Male,19,7,51,Low,Yes,A,Yes,Fail
1654,Male,24,1,84,Medium,Yes,C,Yes,Fail
1655,Female,19,5,89,Medium,Yes,C,No,Fail
1656,Male,20,27,77,Medium,Yes,C,No,Fail
1657,Male,19,28,96,Medium,Yes,B,Yes,Pass
1658,Male,20,25,88,Medium,Yes,C,Yes,Pass
1659,Female,18,24,55,Medium,No,B,No,Fail
1660,Female,25,11,58,Low,Yes,C,No,Fail
1661,Female,20,4,69,Low,No,A,Yes,Fail
1662,Male,20,33,50,Medium,Yes,D,No,Fail
1663,Male,21,36,57,Low,Yes,A,Yes,Pass
1664,Female,20,14,72,Low,Yes,A,Yes,Fail
1665,Male,20,35,52,Medium,Yes,B,No,Pass
1666,Male,23,14,53,High,Yes,C,Yes,Fail
1667,Female,25,22,74,Medium,Yes,B,Yes,Pass
1668,Female,18,5,96,Low,Yes,B,Yes,Pass
1669,Male,24,20,87,Low,No,C,No,Fail
1670,Male,21,22,64,High,No,B,No,Fail
1671,Male,23,15,70,Low,Yes,F,Yes,Fail
1672,Female,22,14,84,Low,Yes,F,Yes,Fail
1673,Female,25,24,95,Medium,Yes,C,Yes,Pass
1674,Female,18,35,63,Medium,Yes,B,Yes,Pass
1675,Female,18,10,85,Medium,No,C,Yes,Fail
1676,Male,22,14,61,Low,Yes,A,No,Fail
1677,Female,24,3,66,Low,Yes,B,Yes,Fail
1678,Female,20,20,88,High,No,B,Yes,Pass
1679,Female,23,12,58,Low,Yes,F,Yes,Fail
1680,Female,19,21,84,Medium,Yes,A,Yes,Pass
1681,Female,21,18,62,Medium,Yes,C,No,Fail
1682,Male,19,33,64,Medium,Yes,C,Yes,Fail
1683,Male,22,13,67,Medium,Yes,B,Yes,Fail
1684,Female,18,3,100,Low,Yes,A,Yes,Pass
1685,Male,24,26,82,Medium,Yes,F,Yes,Pass
1686,Female,18,28,55,High,Yes,C,Yes,Fail
1687,Female,21,27,76,High,Yes,C,Yes,Fail
1688,Male,18,34,72,Low,Yes,B,Yes,Pass
1689,Male,18,7,76,Low,Yes,B,Yes,Fail
1690,Female,21,15,83,High,Yes,B,Yes,Pass
1691,Female,23,35,95,Medium,Yes,A,Yes,Pass
1692,Female,23,29,87,High,Yes,A,No,Pass
1693,Male,21,17,63,Low,Yes,D,Yes,Fail
1694,Female,24,1,85,Medium,Yes,B,Yes,Pass
1695,Female,22,12,57,Medium,Yes,A,Yes,Fail
1696,Female,25,3,84,Medium,Yes,C,Yes,Fail
1697,Male,18,25,68,Medium,Yes,D,No,Fail
1698,Female,24,24,79,Low,Yes,A,Yes,Pass
1699,Female,18,29,63,Medium,Yes,C,No,Fail
1700,Male,25,10,69,Low,Yes,A,Yes,Fail
1701,Female,22,6,98,Medium,Yes,A,Yes,Pass
1702,Female,23,30,74,High,Yes,A,No,Pass
1703,Male,24,9,89,Medium,Yes,D,Yes,Fail
1704,Female,20,38,73,High,No,A,Yes,Fail
1705,Male,20,12,63,Low,Yes,A,Yes,Fail
1706,Male,25,30,75,Medium,Yes,B,No,Pass
1707,Female,20,6,87,High,Yes,D,Yes,Fail
1708,Female,23,35,72,Low,Yes,B,No,Pass
1709,Female,25,19,71,Low,Yes,B,Yes,Pass
1710,Female,23,3,97,Medium,Yes,A,No,Pass
1711,Male,22,6,68,Low,Yes,B,Yes,Fail
1712,Female,18,0,95,Medium,Yes,C,No,Fail
1713,Male,22,12,100,High,Yes,C,Yes,Fail
1714,Female,22,21,52,Medium,Yes,B,No,Pass
1715,Female,23,20,91,Low,Yes,B,Yes,Pass
1716,Female,25,21,68,Medium,Yes,A,Yes,Pass
1717,Male,25,27,58,Medium,No,B,Yes,Fail
1718,Female,20,8,77,Low,Yes,A,Yes,Fail
1719,Female,19,25,69,Medium,No,D,Yes,Fail
1720,Female,18,8,94,Medium,Yes,F,No,Fail
1721,Female,23,14,56,Medium,Yes,F,No,Fail
1722,Male,20,9,63,Low,Yes,D,Yes,Fail
1723,Female,24,23,58,Medium,Yes,C,No,Fail
1724,Male,19,7,68,Low,Yes,C,Yes,Fail
1725,Male,19,23,96,Low,Yes,B,Yes,Pass
1726,Male,23,15,63,High,Yes,C,No,Fail
1727,Male,21,25,87,Medium,No,B,No,Pass
1728,Male,18,26,85,Low,Yes,B,No,Pass
1729,Male,19,36,89,Low,Yes,D,Yes,Pass
1730,Female,23,3,66,Low,Yes,B,No,Fail
1731,Male,23,23,79,Low,Yes,B,Yes,Pass
1732,Male,20,18,58,Low,Yes,F,Yes,Fail
1733,Male,24,35,82,Low,Yes,A,Yes,Pass
1734,Female,21,38,74,Medium,No,B,No,Fail
1735,Female,18,9,63,Medium,Yes,F,No,Fail
1736,Male,25,24,60,Medium,Yes,C,No,Fail
1737,Female,22,17,84,Medium,Yes,C,Yes,Pass
1738,Male,24,18,90,Low,No,B,Yes,Pass
1739,Male,24,35,63,High,Yes,B,Yes,Pass
1740,Female,20,9,79,High,Yes,D,Yes,Fail
1741,Male,25,32,90,High,Yes,C,Yes,Pass
1742,Female,19,4,53,High,Yes,C,No,Fail
1743,Female,19,34,53,High,Yes,A,Yes,Pass
1744,Male,20,33,77,Medium,Yes,A,Yes,Pass
1745,Male,23,32,57,Low,Yes,F,Yes,Fail
1746,Female,19,20,51,Medium,Yes,B,Yes,Pass
1747,Male,21,16,90,Medium,Yes,C,Yes,Pass
1748,Male,18,21,95,Medium,Yes,A,No,Pass
1749,Male,24,36,71,Medium,Yes,C,No,Fail
1750,Female,24,14,90,Low,Yes,F,No,Fail
1751,Female,21,34,65,Medium,Yes,C,Yes,Fail
1752,Male,25,27,78,High,Yes,A,Yes,Pass
1753,Female,19,6,98,Medium,Yes,C,Yes,Fail
1754,Female,24,31,97,Medium,Yes,D,No,Pass
1755,Female,22,10,79,Low,No,B,No,Fail
1756,Female,25,9,61,Medium,Yes,D,Yes,Fail
1757,Female,18,8,84,High,Yes,C,Yes,Fail
1758,Male,18,13,60,Medium,Yes,D,Yes,Fail
1759,Male,24,12,95,Medium,Yes,C,No,Fail
1760,Male,20,24,99,Medium,Yes,A,No,Pass
1761,Female,25,1,70,Medium,Yes,B,Yes,Fail
1762,Female,24,34,70,Low,Yes,B,Yes,Pass
1763,Male,20,6,54,Medium,Yes,F,Yes,Fail
1764,Female,24,20,97,Medium,Yes,D,Yes,Pass
1765,Male,22,17,69,Medium,Yes,C,Yes,Fail
1766,Male,25,2,86,Medium,Yes,B,Yes,Pass
1767,Male,23,38,52,High,Yes,A,No,Pass
1768,Female,18,40,93,Low,No,D,No,Fail
1769,Female,24,10,82,High,No,B,Yes,Fail
1770,Male,22,38,58,Low,Yes,B,No,Pass
1771,Male,20,23,58,Medium,Yes,C,Yes,Fail
1772,Male,20,18,53,Low,Yes,A,Yes,Pass
1773,Male,18,3,84,Medium,Yes,B,Yes,Pass
1774,Female,21,25,66,Medium,Yes,B,Yes,Pass
1775,Female,24,37,83,Low,Yes,A,Yes,Pass
1776,Male,25,31,73,Medium,Yes,F,Yes,Fail
1777,Male,19,38,81,High,Yes,B,Yes,Pass
1778,Female,20,35,50,Low,Yes,A,No,Pass
1779,Female,25,39,57,Medium,Yes,B,Yes,Pass
1780,Male,25,36,94,Medium,Yes,D,Yes,Pass
1781,Male,23,32,72,Medium,Yes,B,Yes,Pass
1782,Male,25,35,96,Low,No,C,No,Fail
1783,Female,25,2,89,Low,Yes,A,Yes,Pass
1784,Female,23,8,61,Low,Yes,A,No,Fail
1785,Female,20,7,61,Low,No,B,Yes,Fail
1786,Male,25,32,95,Low,No,D,Yes,Fail
1787,Male,21,5,96,Medium,Yes,D,Yes,Fail
1788,Female,21,40,64,High,Yes,A,Yes,Pass
1789,Female,22,38,90,High,Yes,C,Yes,Pass
1790,Male,23,3,68,Medium,Yes,F,Yes,Fail
1791,Female,22,12,75,Low,Yes,B,Yes,Fail
1792,Female,23,1,78,Low,Yes,D,Yes,Fail
1793,Male,24,4,71,Medium,Yes,A,Yes,Fail
1794,Female,24,26,89,Low,Yes,F,No,Pass
1795,Male,25,31,70,Medium,Yes,D,Yes,Fail
1796,Male,19,20,100,Medium,Yes,F,No,Pass
1797,Male,24,7,87,Medium,Yes,C,No,Fail
1798,Male,19,37,69,Medium,Yes,B,Yes,Pass
1799,Male,24,7,78,High,Yes,F,Yes,Fail
1800,Male,18,2,100,Medium,Yes,B,Yes,Pass
1801,Male,24,2,53,Medium,Yes,B,No,Fail
1802,Female,22,21,56,High,No,C,No,Fail
1803,Male,20,5,77,High,Yes,D,No,Fail
1804,Male,25,1,77,Medium,Yes,F,No,Fail
1805,Female,22,22,53,Medium,Yes,B,No,Pass
1806,Female,20,1,71,Medium,Yes,D,Yes,Fail
1807,Female,21,37,61,High,Yes,C,Yes,Fail
1808,Male,22,16,94,High,Yes,A,No,Pass
1809,Female,21,34,52,Low,Yes,B,Yes,Pass
1810,Male,19,33,71,Medium,Yes,B,Yes,Pass
1811,Male,19,22,93,Medium,Yes,B,No,Pass
1812,Male,18,29,51,Medium,Yes,F,Yes,Fail
1813,Male,24,7,73,Low,Yes,C,No,Fail
1814,Female,22,21,83,High,No,C,No,Fail
1815,Female,21,35,76,Medium,Yes,F,Yes,Fail
1816,Male,20,4,90,High,Yes,B,No,Pass
1817,Male,19,12,50,High,Yes,D,Yes,Fail
1818,Male,24,28,57,Medium,Yes,B,Yes,Pass
1819,Female,19,30,72,Medium,Yes,D,Yes,Fail
1820,Male,20,15,87,Medium,Yes,A,Yes,Pass
1821,Male,24,29,55,Low,Yes,F,Yes,Fail
1822,Female,24,15,71,Medium,Yes,B,Yes,Fail
1823,Female,21,11,74,Low,Yes,B,Yes,Fail
1824,Male,21,16,67,Medium,Yes,D,Yes,Fail
1825,Female,22,15,66,Low,Yes,B,No,Fail
1826,Female,22,11,61,Low,Yes,C,No,Fail
1827,Male,23,7,55,Low,Yes,B,Yes,Fail
1828,Female,25,19,75,Low,Yes,C,Yes,Fail
1829,Male,23,2,76,Medium,Yes,B,Yes,Fail
1830,Female,18,15,57,Medium,Yes,A,Yes,Fail
1831,Male,19,29,68,Medium,Yes,B,No,Pass
1832,Male,22,22,91,Low,Yes,B,No,Pass
1833,Male,21,27,50,Low,No,A,Yes,Fail
1834,Female,20,39,78,Low,Yes,B,Yes,Pass
1835,Male,21,4,94,Low,Yes,B,Yes,Pass
1836,Female,19,19,98,High,Yes,A,No,Pass
1837,Male,23,39,84,Low,Yes,C,Yes,Pass
1838,Male,21,0,89,Medium,Yes,D,No,Fail
1839,Female,25,29,63,Low,Yes,A,No,Pass
1840,Male,18,20,84,Low,Yes,C,Yes,Pass
1841,Male,19,19,97,Medium,Yes,C,Yes,Pass
1842,Female,23,5,94,Medium,Yes,B,No,Pass
1843,Male,25,21,69,Low,Yes,C,Yes,Fail
1844,Male,20,17,98,Low,No,B,Yes,Pass
1845,Male,23,7,62,Medium,Yes,C,Yes,Fail
1846,Male,24,38,87,Low,Yes,A,No,Pass
1847,Female,25,31,98,Low,Yes,C,No,Pass
1848,Female,25,32,95,High,Yes,C,No,Pass
1849,Male,18,15,98,Medium,Yes,A,No,Pass
1850,Female,19,11,57,Medium,Yes,B,No,Fail
1851,Male,20,37,92,Medium,Yes,F,No,Pass
1852,Female,18,33,69,Medium,Yes,B,Yes,Pass
1853,Male,23,13,82,Medium,Yes,C,Yes,Fail
1854,Male,18,35,75,Medium,Yes,F,No,Fail
1855,Male,25,32,88,Medium,Yes,C,No,Pass
1856,Male,19,22,70,Low,No,C,No,Fail
1857,Male,22,1,98,Medium,Yes,D,Yes,Fail
1858,Male,18,40,91,Medium,Yes,D,No,Pass
1859,Female,24,20,92,High,Yes,B,No,Pass
1860,Male,18,1,90,Medium,No,B,Yes,Fail
1861,Female,23,26,58,Medium,Yes,B,Yes,Pass
1862,Male,23,8,73,Low,Yes,F,Yes,Fail
1863,Female,20,0,86,Medium,Yes,C,Yes,Fail
1864,Female,23,10,98,Low,Yes,A,Yes,Pass
1865,Female,21,2,90,Medium,Yes,D,Yes,Fail
1866,Male,19,22,66,Low,Yes,B,Yes,Pass
1867,Male,19,25,73,Medium,No,A,No,Fail
1868,Female,22,3,70,Low,Yes,C,No,Fail
1869,Male,22,17,100,Medium,Yes,B,No,Pass
1870,Female,19,5,88,High,Yes,D,Yes,Fail
1871,Male,24,34,90,Low,Yes,B,Yes,Pass
1872,Female,22,21,88,Medium,No,D,No,Fail
1873,Female,20,14,62,Medium,Yes,C,Yes,Fail
1874,Male,23,21,60,Low,Yes,A,No,Pass
1875,Female,19,36,95,Medium,Yes,F,No,Pass
1876,Male,25,11,68,Low,Yes,C,Yes,Fail
1877,Female,22,37,60,Medium,Yes,B,No,Pass
1878,Female,19,17,62,Medium,Yes,B,Yes,Pass
1879,Male,21,34,95,Medium,Yes,D,Yes,Pass
1880,Male,18,29,94,Medium,No,B,No,Pass
1881,Male,23,23,50,Low,Yes,A,Yes,Pass
1882,Female,19,29,89,Low,No,A,No,Pass
1883,Male,18,13,93,Medium,Yes,B,Yes,Pass
1884,Female,22,5,68,Medium,Yes,D,Yes,Fail
1885,Female,18,2,61,High,Yes,B,Yes,Fail
1886,Male,23,15,57,High,Yes,B,No,Fail
1887,Male,19,6,57,High,Yes,A,Yes,Fail
1888,Female,21,13,94,Medium,Yes,B,Yes,Pass
1889,Female,24,8,61,Medium,Yes,F,No,Fail
1890,Male,22,14,97,Medium,Yes,B,Yes,Pass
1891,Male,19,20,82,Medium,Yes,F,No,Pass
1892,Male,23,34,94,Low,Yes,B,Yes,Pass
1893,Male,22,1,75,High,Yes,A,No,Fail
1894,Male,20,26,88,High,Yes,D,No,Pass
1895,Female,18,1,77,Medium,Yes,B,Yes,Fail
1896,Female,24,34,54,Low,Yes,C,Yes,Fail
1897,Female,23,17,57,Medium,No,F,No,Fail
1898,Female,20,13,74,High,Yes,A,Yes,Fail
1899,Male,25,19,76,High,Yes,A,No,Pass
1900,Male,19,17,95,Low,Yes,C,Yes,Pass
1901,Male,21,9,72,Low,Yes,B,Yes,Fail
1902,Female,22,24,79,High,Yes,A,Yes,Pass
1903,Female,18,1,94,Medium,Yes,A,No,Pass
1904,Male,22,24,96,Medium,No,A,Yes,Pass
1905,Male,24,32,72,High,Yes,D,No,Fail
1906,Female,19,35,98,Low,Yes,A,No,Pass
1907,Female,22,30,96,Medium,Yes,B,Yes,Pass
1908,Male,18,13,69,Low,Yes,C,Yes,Fail
1909,Male,19,0,67,Medium,Yes,B,No,Fail
1910,Female,22,15,67,High,Yes,A,Yes,Fail
1911,Male,21,2,51,Medium,Yes,D,No,Fail
1912,Male,23,34,53,High,No,A,Yes,Fail
1913,Male,19,40,79,Medium,Yes,D,Yes,Fail
1914,Female,23,5,82,Medium,Yes,D,No,Fail
1915,Female,25,24,85,Low,Yes,B,Yes,Pass
1916,Female,19,12,67,Medium,Yes,C,Yes,Fail
1917,Female,21,33,86,Medium,Yes,B,Yes,Pass
1918,Female,23,7,68,Low,Yes,B,Yes,Fail
1919,Female,20,20,96,Medium,Yes,D,Yes,Pass
1920,Female,18,33,77,Medium,Yes,D,No,Fail
1921,Male,20,3,89,Medium,Yes,B,Yes,Pass
1922,Male,22,24,69,Medium,No,C,Yes,Fail
1923,Male,21,14,98,Medium,Yes,F,No,Fail
1924,Male,20,3,82,Low,No,F,Yes,Fail
1925,Male,19,11,61,Low,No,C,Yes,Fail
1926,Male,22,31,100,Medium,Yes,B,No,Pass
1927,Male,22,31,64,Medium,Yes,B,No,Pass
1928,Female,20,27,90,Low,Yes,F,Yes,Pass
1929,Female,25,12,88,High,Yes,A,No,Pass
1930,Male,20,30,51,Medium,Yes,C,Yes,Fail
1931,Male,25,13,78,Medium,Yes,B,No,Fail
1932,Female,21,19,90,Low,No,B,Yes,Pass
1933,Male,18,17,59,Medium,Yes,B,Yes,Pass
1934,Male,20,28,51,Medium,Yes,F,Yes,Fail
1935,Female,24,5,100,Medium,Yes,A,Yes,Pass
1936,Male,25,31,60,Medium,No,C,Yes,Fail
1937,Female,20,28,62,High,Yes,A,No,Pass
1938,Male,23,1,59,Medium,No,A,Yes,Fail
1939,Female,19,22,63,Low,Yes,B,Yes,Pass
1940,Female,24,18,67,Medium,Yes,C,Yes,Fail
1941,Female,24,30,100,Medium,Yes,B,Yes,Pass
1942,Male,25,4,58,Medium,Yes,B,No,Fail
1943,Female,23,18,88,Low,Yes,A,Yes,Pass
1944,Male,23,33,77,Low,Yes,B,Yes,Pass
1945,Male,22,9,52,High,Yes,F,Yes,Fail
1946,Male,25,24,69,Medium,Yes,F,No,Fail
1947,Male,18,1,55,High,Yes,B,Yes,Fail
1948,Female,19,10,76,Medium,No,C,Yes,Fail
1949,Female,21,30,51,Medium,Yes,F,Yes,Fail
1950,Male,24,14,78,Medium,Yes,A,Yes,Fail
1951,Male,21,8,87,High,Yes,D,Yes,Fail
1952,Female,20,22,52,Medium,Yes,F,No,Fail
1953,Male,20,18,65,Medium,Yes,A,No,Pass
1954,Female,21,8,79,Low,Yes,A,No,Fail
1955,Male,20,34,89,Medium,Yes,F,Yes,Pass
1956,Male,18,20,51,Medium,Yes,C,Yes,Fail
1957,Female,23,8,66,Low,Yes,A,Yes,Fail
1958,Male,20,27,90,Low,Yes,B,No,Pass
1959,Female,22,6,61,Medium,Yes,B,Yes,Fail
1960,Male,20,15,84,Low,Yes,C,No,Fail
1961,Male,19,15,92,Low,Yes,C,Yes,Fail
1962,Male,18,32,50,Medium,Yes,F,Yes,Fail
1963,Female,19,3,94,High,Yes,B,Yes,Pass
1964,Male,19,3,64,Medium,No,C,Yes,Fail
1965,Male,22,38,75,Low,Yes,C,No,Fail
1966,Male,18,39,86,Low,Yes,B,No,Pass
1967,Male,18,16,70,Medium,Yes,A,Yes,Pass
1968,Female,25,36,98,Medium,Yes,F,Yes,Pass
1969,Female,18,38,80,High,Yes,D,No,Fail
1970,Male,18,28,74,Medium,Yes,B,No,Pass
1971,Female,18,35,72,Medium,Yes,C,Yes,Fail
1972,Male,22,37,73,Low,Yes,B,Yes,Pass
1973,Male,20,38,87,Medium,Yes,C,Yes,Pass
1974,Male,25,36,77,Low,Yes,C,Yes,Fail
1975,Female,19,34,70,High,Yes,C,Yes,Fail
1976,Female,18,6,92,Medium,Yes,F,Yes,Fail
1977,Female,24,26,67,Medium,Yes,C,Yes,Fail
1978,Female,20,27,85,Low,Yes,B,Yes,Pass
1979,Female,20,21,84,Low,Yes,D,Yes,Pass
1980,Female,19,13,94,Medium,Yes,A,No,Pass
1981,Female,22,6,58,Low,Yes,B,No,Fail
1982,Female,21,36,87,Medium,Yes,B,Yes,Pass
1983,Female,21,21,79,Low,Yes,B,No,Pass
1984,Male,20,4,93,Medium,Yes,D,No,Fail
1985,Female,23,1,83,High,Yes,B,Yes,Pass
1986,Female,23,26,81,Medium,Yes,D,Yes,Pass
1987,Female,19,20,52,Medium,Yes,C,No,Fail
1988,Female,21,37,52,Low,Yes,B,No,Pass
1989,Female,20,14,77,Low,Yes,D,No,Fail
1990,Female,22,20,93,Medium,Yes,B,No,Pass
1991,Female,21,9,64,Medium,Yes,B,No,Fail
1992,Female,20,22,90,Medium,Yes,C,Yes,Pass
1993,Female,20,38,72,Low,Yes,B,Yes,Pass
1994,Female,18,4,89,Low,Yes,A,Yes,Pass
1995,Female,22,0,60,Low,No,C,Yes,Fail
1996,Male,18,12,97,High,Yes,C,No,Fail
1997,Male,19,20,81,Low,No,B,Yes,Pass
1998,Female,18,25,85,Medium,Yes,F,No,Pass
1999,Female,24,20,82,Low,Yes,C,Yes,Pass
2000,Male,18,17,73,Medium,Yes,D,Yes,Fail
